"File","InputSize","Program","Option","OrigSec","EnhSec","Ratio","Speedup","OrigSize","EnhSize","SizeIdentical","RoundTrip"
"big.bin","4194304","lpaq8","5","4.2744","2.7946","0.6538","1.5295","13807","13807","True","True"
"big.bin","4194304","lpaq9m","5","3.3642","2.2426","0.6666","1.5001","11845","11845","True","True"
"big.bin","4194304","lpaq8","6","4.1814","2.793","0.668","1.4971","13787","13787","True","True"
"big.bin","4194304","lpaq9m","6","3.5887","2.4791","0.6908","1.4476","11846","11846","True","True"
"bin.exe","10428","lpaq8","5","0.3115","0.0784","0.2516","3.9753","10286","10286","True","True"
"bin.exe","10428","lpaq9m","5","0.0765","0.0664","0.8685","1.1513","10302","10302","True","True"
"bin.exe","10428","lpaq8","6","0.3357","0.1015","0.3024","3.3064","10286","10286","True","True"
"bin.exe","10428","lpaq9m","6","0.1015","0.0897","0.8838","1.1315","10303","10303","True","True"
"exemix.bin","1048576","lpaq8","5","1.3071","0.6366","0.4871","2.0532","11653","11653","True","True"
"exemix.bin","1048576","lpaq9m","5","0.8804","0.5588","0.6347","1.5757","10729","10729","True","True"
"exemix.bin","1048576","lpaq8","6","1.2744","0.7776","0.6102","1.6388","11649","11649","True","True"
"exemix.bin","1048576","lpaq9m","6","0.9527","0.6876","0.7217","1.3857","10728","10728","True","True"
"mixed.bin","144256","lpaq8","5","0.3633","0.1261","0.3471","2.8813","20527","20527","True","True"
"mixed.bin","144256","lpaq9m","5","0.1141","0.1036","0.9083","1.1009","20601","20601","True","True"
"mixed.bin","144256","lpaq8","6","0.3879","0.1535","0.3956","2.5276","20526","20526","True","True"
"mixed.bin","144256","lpaq9m","6","0.139","0.1263","0.9086","1.1006","20601","20601","True","True"
"rand.bin","1048576","lpaq8","5","1.4723","1.1378","0.7728","1.294","1049365","1049365","True","True"
"rand.bin","1048576","lpaq9m","5","1.22","0.8405","0.6889","1.4516","1048806","1048806","True","True"
"rand.bin","1048576","lpaq8","6","1.5935","1.0552","0.6622","1.5102","1049369","1049369","True","True"
"rand.bin","1048576","lpaq9m","6","1.199","1.012","0.844","1.1848","1048806","1048806","True","True"
"sz1024.bin","1048576","lpaq8","5","1.2955","0.7398","0.571","1.7512","11653","11653","True","True"
"sz1024.bin","1048576","lpaq9m","5","1.0144","0.623","0.6142","1.6283","10729","10729","True","True"
"sz1024.bin","1048576","lpaq8","6","1.1775","0.7353","0.6244","1.6015","11649","11649","True","True"
"sz1024.bin","1048576","lpaq9m","6","0.8877","0.603","0.6793","1.4721","10728","10728","True","True"
"sz256.bin","262144","lpaq8","5","0.5171","0.2105","0.407","2.457","10699","10699","True","True"
"sz256.bin","262144","lpaq9m","5","0.257","0.1794","0.6981","1.4324","10450","10450","True","True"
"sz256.bin","262144","lpaq8","6","0.5393","0.2595","0.4812","2.0782","10699","10699","True","True"
"sz256.bin","262144","lpaq9m","6","0.2962","0.2123","0.7169","1.395","10450","10450","True","True"
"sz64.bin","65536","lpaq8","5","0.3722","0.1241","0.3333","2.9999","10415","10415","True","True"
"sz64.bin","65536","lpaq9m","5","0.1284","0.0988","0.7694","1.2998","10377","10377","True","True"
"sz64.bin","65536","lpaq8","6","0.3844","0.1372","0.357","2.8008","10416","10416","True","True"
"sz64.bin","65536","lpaq9m","6","0.1439","0.1195","0.8303","1.2044","10377","10377","True","True"
"text.txt","133828","lpaq8","5","0.3373","0.0998","0.296","3.3779","10214","10214","True","True"
"text.txt","133828","lpaq9m","5","0.0844","0.0759","0.8991","1.1123","10238","10238","True","True"
"text.txt","133828","lpaq8","6","0.3398","0.107","0.3148","3.1771","10211","10211","True","True"
"text.txt","133828","lpaq9m","6","0.0865","0.079","0.9136","1.0946","10238","10238","True","True"
"zeros.bin","524288","lpaq8","5","0.3872","0.1673","0.4321","2.3141","197","197","True","True"
"zeros.bin","524288","lpaq9m","5","0.1369","0.1396","1.0198","0.9806","196","196","True","True"
"zeros.bin","524288","lpaq8","6","0.3875","0.1679","0.4332","2.3085","197","197","True","True"
"zeros.bin","524288","lpaq9m","6","0.1379","0.1395","1.0114","0.9888","196","196","True","True"
